{
  "O": 0,
  "B-DRUG_GROUP": 1,
  "B-DRUG_DOSAGE": 2,
  "B-FOOD": 3,
  "B-DRUG_EFFICACY": 4,
  "B-FOOD_GROUP": 5,
  "B-SYMPTOM": 6,
  "B-DISEASE_GROUP": 7,
  "B-SYNDROME": 8,
  "B-PERSON_GROUP": 9,
  "B-DRUG_TASTE": 10,
  "B-DRUG_INGREDIENT": 11,
  "B-DRUG": 12,
  "B-DISEASE": 13,
  "I-DRUG_GROUP": 14,
  "I-DRUG_DOSAGE": 15,
  "I-FOOD": 16,
  "I-DRUG_EFFICACY": 17,
  "I-FOOD_GROUP": 18,
  "I-SYMPTOM": 19,
  "I-DISEASE_GROUP": 20,
  "I-SYNDROME": 21,
  "I-PERSON_GROUP": 22,
  "I-DRUG_TASTE": 23,
  "I-DRUG_INGREDIENT": 24,
  "I-DRUG": 25,
  "I-DISEASE": 26,
  "E-DRUG_GROUP": 27,
  "E-DRUG_DOSAGE": 28,
  "E-FOOD": 29,
  "E-DRUG_EFFICACY": 30,
  "E-FOOD_GROUP": 31,
  "E-SYMPTOM": 32,
  "E-DISEASE_GROUP": 33,
  "E-SYNDROME": 34,
  "E-PERSON_GROUP": 35,
  "E-DRUG_TASTE": 36,
  "E-DRUG_INGREDIENT": 37,
  "E-DRUG": 38,
  "E-DISEASE": 39,
  "S-DRUG_GROUP": 40,
  "S-DRUG_DOSAGE": 41,
  "S-FOOD": 42,
  "S-DRUG_EFFICACY": 43,
  "S-FOOD_GROUP": 44,
  "S-SYMPTOM": 45,
  "S-DISEASE_GROUP": 46,
  "S-SYNDROME": 47,
  "S-PERSON_GROUP": 48,
  "S-DRUG_TASTE": 49,
  "S-DRUG_INGREDIENT": 50,
  "S-DRUG": 51,
  "S-DISEASE": 52
}