{
  "DRUG": "找出药物：用于预防、治疗、诊断疾病并具有康复与保健作用的物质。",
  "DRUG_INGREDIENT": "找出药物成分：中药组成成分，指中药复方中所含有的所有与该复方临床应用目的密切相关的药理活性成分。",
  "DISEASE": "找出疾病：指人体在一定原因的损害性作用下，因自稳调节紊乱而发生的异常生命活动过程，会影响生物体的部分或是所有器官。",
  "SYMPTOM": "找出症状：指疾病过程中机体内的一系列机能、代谢和形态结构异常变化所引起的病人主观上的异常感觉或某些客观病态改变。",
  "SYNDROME": "找出症候：概括为一系列有相互关联的症状总称，是指不同症状和体征的综合表现。",
  "DISEASE_GROUP": "找出疾病分组：疾病涉及有人体组织部位的疾病名称的统称概念，非某项具体医学疾病。",
  "FOOD": "找出食物：指能够满足机体正常生理和生化能量需求，并能延续正常寿命的物质。",
  "FOOD_GROUP": "找出食物分组：中医中饮食养生中，将食物分为寒热温凉四性，同时中医药禁忌中对于具有某类共同属性食物的统称，记为食物分组。",
  "PERSON_GROUP": "找出人群：中医药的适用及禁忌范围内相关特定人群。",
  "DRUG_GROUP": "找出药品分组：具有某一类共同属性的药品类统称概念，非某项具体药品名。例子：止咳药、退烧药",
  "DRUG_DOSAGE": "找出药物剂量：药物在供给临床使用前，均必须制成适合于医疗和预防应用的形式，成为药物剂型。",
  "DRUG_TASTE": "找出药物性味：药品的性质和气味。例子：味甘、酸涩、气凉。",
  "DRUG_EFFICACY": "找出中药功效：药品的主治功能和效果的统称。例子：滋阴补肾、去瘀生新、活血化瘀"
}